time,news,category
Wed Oct 10 13:48:01 +0000 2018,CNN,Spain
Mon Oct 08 23:08:30 +0000 2018,CNN,USA
Mon Oct 08 22:03:48 +0000 2018,CNN,Brazil
Mon Oct 08 19:52:00 +0000 2018,CNN,USA
Mon Oct 08 19:50:03 +0000 2018,CNN,USA
Mon Oct 08 19:48:54 +0000 2018,CNN,USA
Mon Oct 08 16:57:26 +0000 2018,CNN,Scotland
Mon Oct 08 16:20:57 +0000 2018,CNN,Canada
Mon Oct 08 14:52:17 +0000 2018,CNN,USA
Mon Oct 08 14:19:44 +0000 2018,CNN,USA
Mon Oct 08 13:19:23 +0000 2018,CNN,USA
Mon Oct 08 12:25:02 +0000 2018,CNN,USA
Mon Oct 08 10:05:57 +0000 2018,CNN,Canada
Mon Oct 08 08:24:52 +0000 2018,CNN,Africa
Mon Oct 08 06:34:03 +0000 2018,CNN,France
Mon Oct 08 04:35:24 +0000 2018,CNN,USA
Mon Oct 08 04:05:47 +0000 2018,CNN,USA
Sun Oct 07 21:47:42 +0000 2018,CNN,Canada
Sun Oct 07 20:35:53 +0000 2018,CNN,USA
Sun Oct 07 20:27:15 +0000 2018,CNN,USA
Sun Oct 07 19:07:49 +0000 2018,CNN,USA
Sun Oct 07 17:58:12 +0000 2018,CNN,USA
Sun Oct 07 17:58:01 +0000 2018,CNN,USA
Sun Oct 07 17:54:21 +0000 2018,CNN,USA
Sun Oct 07 17:33:07 +0000 2018,CNN,USA
Sun Oct 07 16:08:33 +0000 2018,CNN,Belgium
Sun Oct 07 14:30:28 +0000 2018,CNN,USA
Sun Oct 07 13:56:07 +0000 2018,CNN,Africa
Sun Oct 07 12:32:59 +0000 2018,CNN,USA
Sun Oct 07 07:49:13 +0000 2018,CNN,Belgium
Sun Oct 07 07:31:31 +0000 2018,CNN,Belgium
Sun Oct 07 06:53:34 +0000 2018,CNN,USA
Sun Oct 07 06:06:29 +0000 2018,CNN,India
Sun Oct 07 05:28:24 +0000 2018,CNN,Other/Asia
Sun Oct 07 02:45:33 +0000 2018,CNN,USA
Sun Oct 07 02:03:34 +0000 2018,CNN,USA
Sun Oct 07 01:13:57 +0000 2018,CNN,Africa
Sun Oct 07 00:52:21 +0000 2018,CNN,USA
Sun Oct 07 00:44:45 +0000 2018,CNN,Canada
Sun Oct 07 00:23:04 +0000 2018,CNN,UK
Tue Oct 09 15:19:17 +0000 2018,CBSNews,Japan
Sun Oct 07 09:06:59 +0000 2018,CBSNews,France
Sun Oct 07 07:36:49 +0000 2018,CBSNews,USA
Sun Oct 07 03:25:20 +0000 2018,CBSNews,UK
Sun Oct 07 02:59:23 +0000 2018,CBSNews,Mexico
Sun Oct 07 01:58:20 +0000 2018,CBSNews,USA
Sun Oct 07 01:53:14 +0000 2018,CBSNews,Other/S. America
Sun Oct 07 01:32:28 +0000 2018,CBSNews,Other/S. America
Sun Oct 07 00:49:49 +0000 2018,CBSNews,USA
Sun Oct 07 00:14:29 +0000 2018,CBSNews,USA
Sat Oct 06 23:59:30 +0000 2018,CBSNews,USA
Sat Oct 06 23:53:00 +0000 2018,CBSNews,UK
Sat Oct 06 23:52:45 +0000 2018,CBSNews,USA
Sat Oct 06 23:41:09 +0000 2018,CBSNews,USA
Sat Oct 06 23:39:17 +0000 2018,CBSNews,Other/Europe
Sat Oct 06 23:08:20 +0000 2018,CBSNews,Canada
Sat Oct 06 23:06:25 +0000 2018,CBSNews,USA
Sat Oct 06 22:59:11 +0000 2018,CBSNews,USA
Sat Oct 06 22:51:10 +0000 2018,CBSNews,Mexico
Sat Oct 06 22:46:46 +0000 2018,CBSNews,UK
Sat Oct 06 22:42:33 +0000 2018,CBSNews,Germany
Sat Oct 06 22:41:51 +0000 2018,CBSNews,USA
Sat Oct 06 22:41:34 +0000 2018,CBSNews,USA
Sat Oct 06 22:37:25 +0000 2018,CBSNews,USA
Sat Oct 06 22:36:29 +0000 2018,CBSNews,USA
Sat Oct 06 22:35:37 +0000 2018,CBSNews,USA
Sat Oct 06 22:35:33 +0000 2018,CBSNews,USA
Sat Oct 06 22:32:45 +0000 2018,CBSNews,USA
Sat Oct 06 22:32:13 +0000 2018,CBSNews,Other/Middle East
Sat Oct 06 22:31:00 +0000 2018,CBSNews,USA
Sat Oct 06 22:30:02 +0000 2018,CBSNews,USA
Sat Oct 06 22:28:35 +0000 2018,CBSNews,USA
Sat Oct 06 22:28:12 +0000 2018,CBSNews,USA
Sat Oct 06 22:26:12 +0000 2018,CBSNews,USA
Sat Oct 06 22:25:33 +0000 2018,CBSNews,USA
Sat Oct 06 22:25:15 +0000 2018,CBSNews,USA
Sat Oct 06 22:25:13 +0000 2018,CBSNews,USA
Sat Oct 06 22:24:32 +0000 2018,CBSNews,USA
Sat Oct 06 22:24:31 +0000 2018,CBSNews,USA
Sat Oct 06 22:24:05 +0000 2018,CBSNews,Other/Middle East
Sat Oct 06 22:24:00 +0000 2018,CBSNews,UK
Sat Oct 06 22:23:26 +0000 2018,CBSNews,USA
Sat Oct 06 22:22:56 +0000 2018,CBSNews,USA
Sat Oct 06 22:22:52 +0000 2018,CBSNews,USA
Sat Oct 06 22:22:49 +0000 2018,CBSNews,USA
Sat Oct 06 22:22:19 +0000 2018,CBSNews,Other/Europe
Sat Oct 06 22:21:56 +0000 2018,CBSNews,USA
Sat Oct 06 22:21:51 +0000 2018,CBSNews,USA
Sat Oct 06 22:21:37 +0000 2018,CBSNews,Canada
Sat Oct 06 22:20:58 +0000 2018,CBSNews,Canada
Sat Oct 06 22:20:55 +0000 2018,CBSNews,USA
Sat Oct 06 22:20:23 +0000 2018,CBSNews,USA
Sun Oct 07 08:48:49 +0000 2018,business,Other/E. Europe
Sun Oct 07 04:52:31 +0000 2018,business,Canada
Sun Oct 07 00:00:41 +0000 2018,business,Other/Central America
Sat Oct 06 23:43:09 +0000 2018,business,USA
Sat Oct 06 23:22:51 +0000 2018,business,Canada
Sat Oct 06 23:04:01 +0000 2018,business,Canada
Sat Oct 06 23:01:51 +0000 2018,business,Netherlands
Sat Oct 06 22:57:38 +0000 2018,business,Colombia
Sat Oct 06 22:52:05 +0000 2018,business,USA
Sat Oct 06 21:22:17 +0000 2018,business,USA
Sat Oct 06 21:16:03 +0000 2018,business,USA
Sat Oct 06 20:42:35 +0000 2018,business,USA
Sat Oct 06 20:21:55 +0000 2018,business,Other/Europe
Sat Oct 06 20:13:11 +0000 2018,business,France
Sat Oct 06 20:09:20 +0000 2018,business,USA
Sat Oct 06 20:00:59 +0000 2018,business,USA
Sat Oct 06 19:52:30 +0000 2018,business,UAE
Sat Oct 06 19:26:33 +0000 2018,business,USA
Sat Oct 06 19:21:43 +0000 2018,business,Greece
Sat Oct 06 19:14:28 +0000 2018,business,India
Sat Oct 06 19:12:44 +0000 2018,business,Spain
Sat Oct 06 19:10:54 +0000 2018,business,USA
Sat Oct 06 19:09:04 +0000 2018,business,USA
Sat Oct 06 19:07:46 +0000 2018,business,USA
Sat Oct 06 19:06:59 +0000 2018,business,USA
Sat Oct 06 19:06:47 +0000 2018,business,Spain
Sat Oct 06 19:06:38 +0000 2018,business,India
Sat Oct 06 19:05:47 +0000 2018,business,Africa
Sat Oct 06 19:05:24 +0000 2018,business,Canada
Sat Oct 06 19:04:09 +0000 2018,business,USA
Sat Oct 06 19:02:37 +0000 2018,business,USA
Sat Oct 06 19:02:25 +0000 2018,business,USA
Sat Oct 06 19:02:19 +0000 2018,business,USA
Sat Oct 06 19:01:19 +0000 2018,business,USA
Sat Oct 06 19:01:14 +0000 2018,business,Brazil
Sat Oct 06 19:00:40 +0000 2018,business,Africa
Sat Oct 06 18:59:31 +0000 2018,business,Mexico
Sat Oct 06 18:58:58 +0000 2018,business,Other/Europe
Sat Oct 06 18:58:54 +0000 2018,business,USA
Sat Oct 06 18:58:45 +0000 2018,business,USA
Sat Oct 06 18:57:30 +0000 2018,business,Brazil
Sat Oct 06 18:56:27 +0000 2018,business,USA
Sat Oct 06 18:56:21 +0000 2018,business,UK
Sat Oct 06 18:55:46 +0000 2018,business,UK
Sat Oct 06 18:54:49 +0000 2018,business,USA
Sat Oct 06 18:54:49 +0000 2018,business,USA
Sat Oct 06 18:54:47 +0000 2018,business,UK
Mon Oct 08 15:55:29 +0000 2018,artsy,USA
Mon Oct 08 12:30:39 +0000 2018,artsy,USA
Sun Oct 07 22:48:42 +0000 2018,artsy,USA
Sun Oct 07 21:58:48 +0000 2018,artsy,Spain
Sun Oct 07 18:32:02 +0000 2018,artsy,Spain
Sun Oct 07 17:54:20 +0000 2018,artsy,USA
Sun Oct 07 16:31:40 +0000 2018,artsy,Spain
Sun Oct 07 15:32:18 +0000 2018,artsy,Other/Middle East
Sun Oct 07 15:05:29 +0000 2018,artsy,USA
Sun Oct 07 14:57:35 +0000 2018,artsy,Africa
Sun Oct 07 14:53:14 +0000 2018,artsy,USA
Sun Oct 07 14:47:17 +0000 2018,artsy,USA
Sun Oct 07 14:45:16 +0000 2018,artsy,USA
Sun Oct 07 14:38:28 +0000 2018,artsy,USA
Sun Oct 07 14:27:40 +0000 2018,artsy,UK
Sun Oct 07 13:11:57 +0000 2018,artsy,Germany
Sun Oct 07 12:10:20 +0000 2018,artsy,Australia
Sun Oct 07 10:07:15 +0000 2018,artsy,Africa
Sun Oct 07 09:01:20 +0000 2018,artsy,Indonesia
Sun Oct 07 08:49:44 +0000 2018,artsy,Italy
Sun Oct 07 08:25:23 +0000 2018,artsy,Germany
Sun Oct 07 08:20:32 +0000 2018,artsy,Italy
Sun Oct 07 08:20:31 +0000 2018,artsy,Other/Europe
Sun Oct 07 07:55:27 +0000 2018,artsy,Mexico
Sun Oct 07 07:29:15 +0000 2018,artsy,USA
Sun Oct 07 07:22:46 +0000 2018,artsy,UK
Sun Oct 07 06:34:08 +0000 2018,artsy,France
Sun Oct 07 06:30:50 +0000 2018,artsy,Japan
Sun Oct 07 06:28:03 +0000 2018,artsy,Italy
Sun Oct 07 06:26:32 +0000 2018,artsy,Other/Middle East
Sun Oct 07 05:38:18 +0000 2018,artsy,Canada
Sun Oct 07 05:38:01 +0000 2018,artsy,Greece
Sun Oct 07 04:16:03 +0000 2018,artsy,Italy
Sun Oct 07 03:57:44 +0000 2018,artsy,USA
Sun Oct 07 03:44:23 +0000 2018,artsy,USA
Sun Oct 07 02:58:40 +0000 2018,artsy,USA
Sun Oct 07 01:53:58 +0000 2018,artsy,Other/S. America
Sun Oct 07 01:39:16 +0000 2018,artsy,Mexico
Sun Oct 07 01:25:14 +0000 2018,artsy,USA
Sun Oct 07 01:09:39 +0000 2018,artsy,USA
Sun Oct 07 01:02:50 +0000 2018,artsy,USA
Sun Oct 07 00:59:14 +0000 2018,artsy,USA
Sun Oct 07 00:48:50 +0000 2018,artsy,USA
Sun Oct 07 00:46:35 +0000 2018,artsy,USA
Sun Oct 07 00:30:15 +0000 2018,artsy,Mexico
Sun Oct 07 00:08:27 +0000 2018,artsy,Other/Oceania
Sun Oct 07 00:07:33 +0000 2018,artsy,USA
Sat Oct 06 23:34:46 +0000 2018,artsy,USA
Sat Oct 06 22:56:42 +0000 2018,artsy,Africa
Sat Oct 06 22:51:14 +0000 2018,artsy,Canada
Wed Oct 10 06:19:30 +0000 2018,NPR,USA
Sun Oct 07 21:38:20 +0000 2018,NPR,USA
Sun Oct 07 21:04:43 +0000 2018,NPR,Australia
Sun Oct 07 18:37:33 +0000 2018,NPR,Canada
Sun Oct 07 15:55:39 +0000 2018,NPR,USA
Sun Oct 07 15:37:37 +0000 2018,NPR,USA
Sun Oct 07 15:21:33 +0000 2018,NPR,USA
Sun Oct 07 14:45:41 +0000 2018,NPR,India
Sun Oct 07 13:38:05 +0000 2018,NPR,USA
Sun Oct 07 11:58:24 +0000 2018,NPR,USA
Sun Oct 07 11:40:16 +0000 2018,NPR,USA
Sun Oct 07 07:49:28 +0000 2018,NPR,USA
Sun Oct 07 05:34:14 +0000 2018,NPR,USA
Sun Oct 07 05:00:47 +0000 2018,NPR,USA
Sun Oct 07 04:30:28 +0000 2018,NPR,USA
Sun Oct 07 04:06:05 +0000 2018,NPR,USA
Sun Oct 07 03:56:30 +0000 2018,NPR,USA
Sun Oct 07 03:40:51 +0000 2018,NPR,USA
Sun Oct 07 03:22:16 +0000 2018,NPR,USA
Sun Oct 07 03:16:43 +0000 2018,NPR,USA
Sun Oct 07 03:09:57 +0000 2018,NPR,USA
Sun Oct 07 03:08:36 +0000 2018,NPR,USA
Sun Oct 07 02:56:46 +0000 2018,NPR,Canada
Sun Oct 07 02:55:31 +0000 2018,NPR,USA
Sun Oct 07 02:55:10 +0000 2018,NPR,USA
Sun Oct 07 02:54:55 +0000 2018,NPR,USA
Sun Oct 07 02:44:07 +0000 2018,NPR,USA
Sun Oct 07 02:42:07 +0000 2018,NPR,UK
Sun Oct 07 02:31:52 +0000 2018,NPR,Japan
Sun Oct 07 02:25:28 +0000 2018,NPR,USA
Sun Oct 07 02:24:11 +0000 2018,NPR,USA
Sun Oct 07 02:18:45 +0000 2018,NPR,USA
Sun Oct 07 02:14:08 +0000 2018,NPR,USA
Sun Oct 07 02:05:10 +0000 2018,NPR,USA
Sun Oct 07 01:58:31 +0000 2018,NPR,USA
Sun Oct 07 01:58:27 +0000 2018,NPR,USA
Sun Oct 07 01:58:14 +0000 2018,NPR,USA
Sun Oct 07 01:58:03 +0000 2018,NPR,USA
Sun Oct 07 01:57:09 +0000 2018,NPR,USA
Sun Oct 07 01:56:20 +0000 2018,NPR,USA
Sun Oct 07 01:56:09 +0000 2018,NPR,USA
Sun Oct 07 01:53:55 +0000 2018,NPR,USA
Sun Oct 07 01:53:18 +0000 2018,NPR,USA
Sun Oct 07 01:51:31 +0000 2018,NPR,USA
Sun Oct 07 01:49:43 +0000 2018,NPR,USA
Sun Oct 07 01:48:13 +0000 2018,NPR,USA
Sun Oct 07 01:43:31 +0000 2018,NPR,Canada
Sun Oct 07 01:42:43 +0000 2018,NPR,USA
Sun Oct 07 01:39:10 +0000 2018,NPR,Canada
Sun Oct 07 01:37:47 +0000 2018,NPR,USA
Sun Oct 07 02:34:50 +0000 2018,tictoc,UK
Sat Oct 06 22:25:15 +0000 2018,tictoc,USA
Sat Oct 06 20:37:15 +0000 2018,tictoc,USA
Sat Oct 06 20:35:56 +0000 2018,tictoc,USA
Sat Oct 06 19:01:27 +0000 2018,tictoc,USA
Sat Oct 06 18:48:23 +0000 2018,tictoc,Canada
Sat Oct 06 18:38:39 +0000 2018,tictoc,Malaysia
Sat Oct 06 18:28:50 +0000 2018,tictoc,USA
Sat Oct 06 18:19:55 +0000 2018,tictoc,USA
Sat Oct 06 18:19:25 +0000 2018,tictoc,USA
Sat Oct 06 18:18:59 +0000 2018,tictoc,USA
Sat Oct 06 18:18:04 +0000 2018,tictoc,USA
Sat Oct 06 18:17:40 +0000 2018,tictoc,UAE
Sat Oct 06 18:16:21 +0000 2018,tictoc,Other/S. America
Sat Oct 06 18:13:37 +0000 2018,tictoc,Other/Europe
Sat Oct 06 18:07:20 +0000 2018,tictoc,USA
Sat Oct 06 18:06:01 +0000 2018,tictoc,USA
Sat Oct 06 18:04:58 +0000 2018,tictoc,USA
Sat Oct 06 18:04:37 +0000 2018,tictoc,USA
Sat Oct 06 18:02:53 +0000 2018,tictoc,USA
Sat Oct 06 17:59:50 +0000 2018,tictoc,USA
Sat Oct 06 17:58:38 +0000 2018,tictoc,USA
Sat Oct 06 17:54:33 +0000 2018,tictoc,USA
Sat Oct 06 17:47:14 +0000 2018,tictoc,USA
Sat Oct 06 17:42:23 +0000 2018,tictoc,USA
Sat Oct 06 17:41:15 +0000 2018,tictoc,USA
Sat Oct 06 17:40:19 +0000 2018,tictoc,USA
Sat Oct 06 17:34:07 +0000 2018,tictoc,USA
Sat Oct 06 17:31:12 +0000 2018,tictoc,USA
Sat Oct 06 17:26:41 +0000 2018,tictoc,USA
Sat Oct 06 17:25:31 +0000 2018,tictoc,Mexico
Sat Oct 06 17:25:29 +0000 2018,tictoc,USA
Sat Oct 06 17:23:49 +0000 2018,tictoc,UK
Sat Oct 06 17:23:05 +0000 2018,tictoc,Africa
Sat Oct 06 17:22:44 +0000 2018,tictoc,Africa
Sat Oct 06 17:20:12 +0000 2018,tictoc,Other/Middle East
Sat Oct 06 17:17:04 +0000 2018,tictoc,India
Sat Oct 06 17:16:56 +0000 2018,tictoc,USA
Sat Oct 06 17:16:07 +0000 2018,tictoc,USA
Sun Oct 07 09:24:40 +0000 2018,AP,UK
Sun Oct 07 05:10:07 +0000 2018,AP,USA
Sat Oct 06 23:41:38 +0000 2018,AP,Other/Asia
Sat Oct 06 23:10:35 +0000 2018,AP,USA
Sat Oct 06 22:00:15 +0000 2018,AP,USA
Sat Oct 06 20:28:32 +0000 2018,AP,USA
Sat Oct 06 20:19:44 +0000 2018,AP,USA
Sat Oct 06 19:54:54 +0000 2018,AP,USA
Sat Oct 06 19:25:30 +0000 2018,AP,USA
Sat Oct 06 18:24:52 +0000 2018,AP,USA
Sat Oct 06 18:21:47 +0000 2018,AP,Greece
Sat Oct 06 18:09:11 +0000 2018,AP,USA
Sat Oct 06 18:08:02 +0000 2018,AP,USA
Sat Oct 06 17:56:38 +0000 2018,AP,USA
Sat Oct 06 17:51:00 +0000 2018,AP,USA
Sat Oct 06 17:47:07 +0000 2018,AP,USA
Sat Oct 06 17:45:57 +0000 2018,AP,Australia
Sat Oct 06 17:43:46 +0000 2018,AP,USA
Sat Oct 06 17:41:43 +0000 2018,AP,USA
Sat Oct 06 17:38:53 +0000 2018,AP,USA
Sat Oct 06 17:23:23 +0000 2018,AP,USA
Sat Oct 06 17:20:40 +0000 2018,AP,USA
Sat Oct 06 17:20:06 +0000 2018,AP,USA
Sat Oct 06 17:19:29 +0000 2018,AP,USA
Sat Oct 06 17:15:30 +0000 2018,AP,USA
Sat Oct 06 17:08:46 +0000 2018,AP,USA
Sat Oct 06 17:02:23 +0000 2018,AP,USA
Sat Oct 06 17:01:29 +0000 2018,AP,USA
Sat Oct 06 16:41:46 +0000 2018,AP,USA
Sat Oct 06 16:40:45 +0000 2018,AP,USA
Sat Oct 06 16:38:30 +0000 2018,AP,USA
Sat Oct 06 16:37:54 +0000 2018,AP,USA
Sat Oct 06 16:35:40 +0000 2018,AP,USA
Sat Oct 06 16:30:22 +0000 2018,AP,USA
Sat Oct 06 16:29:57 +0000 2018,AP,USA
Sat Oct 06 16:29:06 +0000 2018,AP,USA
Sat Oct 06 16:24:11 +0000 2018,AP,USA
Sat Oct 06 16:21:39 +0000 2018,AP,USA
Sat Oct 06 16:20:37 +0000 2018,AP,USA
Sat Oct 06 16:20:36 +0000 2018,AP,Canada
Sat Oct 06 16:18:14 +0000 2018,AP,USA
Sat Oct 06 16:16:56 +0000 2018,AP,USA
Sat Oct 06 16:16:26 +0000 2018,AP,USA
Sat Oct 06 16:14:06 +0000 2018,AP,USA
Sat Oct 06 16:10:44 +0000 2018,AP,USA
Sat Oct 06 16:09:59 +0000 2018,AP,USA
Sat Oct 06 16:07:52 +0000 2018,AP,Canada
Sat Oct 06 16:05:30 +0000 2018,AP,USA
Sat Oct 06 16:03:35 +0000 2018,AP,Pakistan
Sat Oct 06 15:59:09 +0000 2018,AP,USA
Sat Oct 06 15:58:42 +0000 2018,AP,USA
Sat Oct 06 15:54:38 +0000 2018,AP,USA
Sat Oct 06 15:53:34 +0000 2018,AP,USA
Sat Oct 06 15:51:05 +0000 2018,AP,USA
Sat Oct 06 15:43:50 +0000 2018,AP,USA
Sat Oct 06 15:43:47 +0000 2018,AP,USA
Mon Oct 08 02:20:23 +0000 2018,7NewsAdelaide,Other/S. America
Sun Oct 07 21:39:32 +0000 2018,7NewsAdelaide,USA
Sun Oct 07 21:10:54 +0000 2018,7NewsAdelaide,Mexico
Sun Oct 07 10:30:41 +0000 2018,7NewsAdelaide,Germany
Sun Oct 07 10:13:12 +0000 2018,7NewsAdelaide,Argentina
Sun Oct 07 09:27:12 +0000 2018,7NewsAdelaide,Spain
Sun Oct 07 09:01:58 +0000 2018,7NewsAdelaide,Mexico
Sun Oct 07 06:26:53 +0000 2018,7NewsAdelaide,Argentina
Sun Oct 07 06:14:43 +0000 2018,7NewsAdelaide,Argentina
Sun Oct 07 05:58:40 +0000 2018,7NewsAdelaide,Colombia
Sun Oct 07 05:52:43 +0000 2018,7NewsAdelaide,Argentina
Sun Oct 07 05:51:35 +0000 2018,7NewsAdelaide,Mexico
Sun Oct 07 05:29:43 +0000 2018,7NewsAdelaide,Argentina
Sun Oct 07 05:29:15 +0000 2018,7NewsAdelaide,Mexico
Sun Oct 07 05:09:44 +0000 2018,7NewsAdelaide,Mexico
Sun Oct 07 04:14:49 +0000 2018,7NewsAdelaide,USA
Sun Oct 07 03:58:35 +0000 2018,7NewsAdelaide,Mexico
Sun Oct 07 03:23:20 +0000 2018,7NewsAdelaide,Argentina
Sun Oct 07 03:12:09 +0000 2018,7NewsAdelaide,Other/S. America
Sun Oct 07 02:35:29 +0000 2018,7NewsAdelaide,Mexico
Sun Oct 07 02:25:12 +0000 2018,7NewsAdelaide,Mexico
Sun Oct 07 02:25:07 +0000 2018,7NewsAdelaide,Mexico
Sun Oct 07 02:19:02 +0000 2018,7NewsAdelaide,Colombia
Sun Oct 07 02:09:45 +0000 2018,7NewsAdelaide,Argentina
Sun Oct 07 02:07:24 +0000 2018,7NewsAdelaide,Mexico
Sun Oct 07 02:03:59 +0000 2018,7NewsAdelaide,Mexico
Sun Oct 07 01:56:53 +0000 2018,7NewsAdelaide,Colombia
Sun Oct 07 01:48:30 +0000 2018,7NewsAdelaide,Mexico
Sun Oct 07 01:48:29 +0000 2018,7NewsAdelaide,Mexico
Sun Oct 07 01:42:39 +0000 2018,7NewsAdelaide,USA
Sun Oct 07 01:34:48 +0000 2018,7NewsAdelaide,UK
Sun Oct 07 01:23:27 +0000 2018,7NewsAdelaide,Argentina
Sun Oct 07 01:08:25 +0000 2018,7NewsAdelaide,Mexico
Sun Oct 07 01:05:38 +0000 2018,7NewsAdelaide,Spain
Sun Oct 07 01:05:16 +0000 2018,7NewsAdelaide,Ireland
Sun Oct 07 00:55:17 +0000 2018,7NewsAdelaide,Mexico
Sun Oct 07 00:50:32 +0000 2018,7NewsAdelaide,Mexico
Sun Oct 07 00:44:42 +0000 2018,7NewsAdelaide,Mexico
Sun Oct 07 00:42:15 +0000 2018,7NewsAdelaide,Colombia
Sun Oct 07 00:24:54 +0000 2018,7NewsAdelaide,Mexico
Sun Oct 07 00:23:00 +0000 2018,7NewsAdelaide,Mexico
Sun Oct 07 00:19:59 +0000 2018,7NewsAdelaide,Mexico
Sun Oct 07 00:10:22 +0000 2018,7NewsAdelaide,Mexico
Sun Oct 07 12:00:18 +0000 2018,BBC,UK
Sun Oct 07 09:48:12 +0000 2018,BBC,UK
Sun Oct 07 09:19:13 +0000 2018,BBC,Italy
Sun Oct 07 09:02:27 +0000 2018,BBC,UK
Sun Oct 07 09:01:11 +0000 2018,BBC,UK
Sun Oct 07 04:33:00 +0000 2018,BBC,Japan
Sat Oct 06 23:42:25 +0000 2018,BBC,USA
Sat Oct 06 22:43:54 +0000 2018,BBC,USA
Sat Oct 06 21:28:11 +0000 2018,BBC,USA
Sat Oct 06 21:14:47 +0000 2018,BBC,Canada
Sat Oct 06 18:29:04 +0000 2018,BBC,USA
Sat Oct 06 17:05:30 +0000 2018,BBC,USA
Sat Oct 06 16:09:35 +0000 2018,BBC,USA
Sat Oct 06 15:56:25 +0000 2018,BBC,USA
Sat Oct 06 15:52:20 +0000 2018,BBC,USA
Sat Oct 06 15:46:56 +0000 2018,BBC,USA
Sat Oct 06 15:42:12 +0000 2018,BBC,UK
Sat Oct 06 15:41:13 +0000 2018,BBC,UK
Sat Oct 06 15:37:47 +0000 2018,BBC,France
Sat Oct 06 15:37:37 +0000 2018,BBC,UK
Sat Oct 06 15:25:25 +0000 2018,BBC,USA
Sat Oct 06 15:19:52 +0000 2018,BBC,Mexico
Sat Oct 06 15:11:56 +0000 2018,BBC,UK
Sat Oct 06 15:07:44 +0000 2018,BBC,Canada
Sat Oct 06 14:55:11 +0000 2018,BBC,Scotland
Sat Oct 06 14:54:34 +0000 2018,BBC,USA
Sat Oct 06 14:49:03 +0000 2018,BBC,UK
Sat Oct 06 14:48:31 +0000 2018,BBC,USA
Sat Oct 06 14:39:08 +0000 2018,BBC,UK
Sat Oct 06 14:38:57 +0000 2018,BBC,USA
Sat Oct 06 14:38:37 +0000 2018,BBC,Other/Asia
Sat Oct 06 14:31:14 +0000 2018,BBC,USA
Sat Oct 06 14:25:23 +0000 2018,BBC,USA
Sat Oct 06 14:22:47 +0000 2018,BBC,USA
Sat Oct 06 14:22:33 +0000 2018,BBC,UK
Sat Oct 06 14:20:43 +0000 2018,BBC,USA
Sat Oct 06 14:20:13 +0000 2018,BBC,Other/Oceania
Sat Oct 06 14:18:21 +0000 2018,BBC,Brazil
Sat Oct 06 14:16:29 +0000 2018,BBC,Other/E. Europe
Sat Oct 06 14:14:40 +0000 2018,BBC,USA
Sat Oct 06 14:13:12 +0000 2018,BBC,USA
Sat Oct 06 14:12:24 +0000 2018,BBC,USA
Sat Oct 06 14:09:28 +0000 2018,BBC,UK
Fri Oct 12 13:07:44 +0000 2018,Channel4News,USA
Fri Oct 12 02:49:23 +0000 2018,Channel4News,Mexico
Wed Oct 10 06:45:10 +0000 2018,Channel4News,India
Tue Oct 09 11:39:13 +0000 2018,Channel4News,USA
Tue Oct 09 08:17:23 +0000 2018,Channel4News,Greece
Tue Oct 09 03:51:37 +0000 2018,Channel4News,Canada
Mon Oct 08 23:35:48 +0000 2018,Channel4News,UK
Mon Oct 08 22:22:10 +0000 2018,Channel4News,UK
Mon Oct 08 19:10:04 +0000 2018,Channel4News,Other/Central America
Mon Oct 08 13:27:08 +0000 2018,Channel4News,UK
Mon Oct 08 06:39:00 +0000 2018,Channel4News,Ireland
Mon Oct 08 03:48:31 +0000 2018,Channel4News,Hong Kong
Sun Oct 07 22:49:58 +0000 2018,Channel4News,Belgium
Sun Oct 07 21:53:54 +0000 2018,Channel4News,UK
Sun Oct 07 21:43:54 +0000 2018,Channel4News,UK
Sun Oct 07 20:30:36 +0000 2018,Channel4News,UK
Sun Oct 07 18:00:30 +0000 2018,Channel4News,UK
Sun Oct 07 16:57:40 +0000 2018,Channel4News,Mexico
Sun Oct 07 15:05:28 +0000 2018,Channel4News,Germany
Sun Oct 07 13:52:02 +0000 2018,Channel4News,Spain
Sun Oct 07 13:34:29 +0000 2018,Channel4News,Spain
Sun Oct 07 12:44:51 +0000 2018,Channel4News,India
Sun Oct 07 12:41:15 +0000 2018,Channel4News,Africa
Sun Oct 07 11:52:09 +0000 2018,Channel4News,UK
Sun Oct 07 11:43:57 +0000 2018,Channel4News,UK
Sun Oct 07 11:12:52 +0000 2018,Channel4News,UK
Sun Oct 07 10:49:43 +0000 2018,Channel4News,USA
Sun Oct 07 10:41:30 +0000 2018,Channel4News,Scotland
Sun Oct 07 10:40:18 +0000 2018,Channel4News,UK
Sun Oct 07 10:34:06 +0000 2018,Channel4News,UAE
Sun Oct 07 10:17:41 +0000 2018,Channel4News,USA
Sun Oct 07 10:15:22 +0000 2018,Channel4News,UK
Sun Oct 07 10:12:28 +0000 2018,Channel4News,France
Sun Oct 07 10:02:21 +0000 2018,Channel4News,UK
Sun Oct 07 09:54:46 +0000 2018,Channel4News,Spain
Sun Oct 07 09:52:38 +0000 2018,Channel4News,UK
Sun Oct 07 09:36:55 +0000 2018,Channel4News,Spain
Sun Oct 07 09:17:07 +0000 2018,Channel4News,UK
Sun Oct 07 09:14:52 +0000 2018,Channel4News,UK
Sun Oct 07 09:13:20 +0000 2018,Channel4News,UK
Sun Oct 07 09:13:04 +0000 2018,Channel4News,UK
Sun Oct 07 08:46:20 +0000 2018,Channel4News,UAE
Sun Oct 07 08:31:11 +0000 2018,Channel4News,UK
Sun Oct 07 08:22:47 +0000 2018,Channel4News,Spain
Sun Oct 07 08:22:12 +0000 2018,Channel4News,UK
Sun Oct 07 08:12:06 +0000 2018,Channel4News,Ireland
Sun Oct 07 07:55:18 +0000 2018,Channel4News,UK
Sun Oct 07 07:55:13 +0000 2018,Channel4News,Spain
Sun Oct 07 07:47:31 +0000 2018,Channel4News,Other/Middle East
Sun Oct 07 07:27:31 +0000 2018,Channel4News,UAE
Sun Oct 07 07:24:44 +0000 2018,Channel4News,Other/Europe
Sun Oct 07 07:13:07 +0000 2018,Channel4News,UK
Sat Oct 13 00:43:01 +0000 2018,DanFleyshman,India
Fri Oct 12 22:45:33 +0000 2018,DanFleyshman,USA
Fri Oct 12 22:20:34 +0000 2018,DanFleyshman,USA
Fri Oct 12 22:08:56 +0000 2018,DanFleyshman,India
Fri Oct 12 19:55:08 +0000 2018,DanFleyshman,USA
Fri Oct 12 17:40:53 +0000 2018,DanFleyshman,USA
Fri Oct 12 13:36:27 +0000 2018,DanFleyshman,USA
Fri Oct 12 09:59:18 +0000 2018,DanFleyshman,Spain
Fri Oct 12 09:57:30 +0000 2018,DanFleyshman,USA
Fri Oct 12 09:18:01 +0000 2018,DanFleyshman,Spain
Fri Oct 12 08:42:34 +0000 2018,DanFleyshman,Other/Central America
Fri Oct 12 08:40:59 +0000 2018,DanFleyshman,UAE
Fri Oct 12 06:19:08 +0000 2018,DanFleyshman,USA
Fri Oct 12 06:12:59 +0000 2018,DanFleyshman,USA
Fri Oct 12 06:03:35 +0000 2018,DanFleyshman,Africa
Fri Oct 12 04:55:49 +0000 2018,DanFleyshman,USA
Fri Oct 12 04:40:20 +0000 2018,DanFleyshman,USA
Fri Oct 12 04:30:57 +0000 2018,DanFleyshman,USA
Fri Oct 12 03:08:19 +0000 2018,DanFleyshman,USA
Fri Oct 12 02:17:22 +0000 2018,DanFleyshman,Canada
Fri Oct 12 01:25:34 +0000 2018,DanFleyshman,India
Thu Oct 11 22:46:16 +0000 2018,DanFleyshman,USA
Thu Oct 11 21:08:46 +0000 2018,DanFleyshman,Canada
Thu Oct 11 20:46:48 +0000 2018,DanFleyshman,Japan
Thu Oct 11 20:17:39 +0000 2018,DanFleyshman,France
Thu Oct 11 19:31:00 +0000 2018,DanFleyshman,UK
Thu Oct 11 18:32:59 +0000 2018,DanFleyshman,USA
Thu Oct 11 18:07:14 +0000 2018,DanFleyshman,Australia
Thu Oct 11 14:57:24 +0000 2018,DanFleyshman,USA
Thu Oct 11 14:03:31 +0000 2018,DanFleyshman,USA
Thu Oct 11 13:00:17 +0000 2018,DanFleyshman,USA
Thu Oct 11 12:35:25 +0000 2018,DanFleyshman,USA
Thu Oct 11 11:01:44 +0000 2018,DanFleyshman,Africa
Thu Oct 11 09:31:59 +0000 2018,DanFleyshman,Italy
Thu Oct 11 09:17:10 +0000 2018,DanFleyshman,UK
Thu Oct 11 08:51:26 +0000 2018,DanFleyshman,USA
Thu Oct 11 08:27:38 +0000 2018,DanFleyshman,UK
Thu Oct 11 08:25:28 +0000 2018,DanFleyshman,UK
Thu Oct 11 07:59:43 +0000 2018,DanFleyshman,USA
Thu Oct 11 07:32:38 +0000 2018,DanFleyshman,Africa
Sun Oct 07 21:10:19 +0000 2018,FT,UK
Sun Oct 07 13:45:42 +0000 2018,FT,Hong Kong
Sat Oct 06 16:15:35 +0000 2018,FT,France
Sat Oct 06 14:06:11 +0000 2018,FT,Italy
Sat Oct 06 14:04:15 +0000 2018,FT,UAE
Sat Oct 06 13:24:37 +0000 2018,FT,Scotland
Sat Oct 06 11:52:56 +0000 2018,FT,USA
Sat Oct 06 11:15:04 +0000 2018,FT,UK
Sat Oct 06 11:09:42 +0000 2018,FT,UK
Sat Oct 06 10:34:52 +0000 2018,FT,UK
Sat Oct 06 10:11:20 +0000 2018,FT,UK
Sat Oct 06 09:21:57 +0000 2018,FT,USA
Sat Oct 06 08:32:00 +0000 2018,FT,Scotland
Sat Oct 06 08:12:07 +0000 2018,FT,Other/Europe
Sat Oct 06 07:33:39 +0000 2018,FT,Greece
Sat Oct 06 06:53:08 +0000 2018,FT,UK
Sat Oct 06 06:46:38 +0000 2018,FT,Mexico
Sat Oct 06 06:05:20 +0000 2018,FT,France
Sat Oct 06 05:52:35 +0000 2018,FT,UK
Sat Oct 06 05:44:56 +0000 2018,FT,USA
Sat Oct 06 05:09:28 +0000 2018,FT,Netherlands
Sat Oct 06 04:21:54 +0000 2018,FT,USA
Sat Oct 06 04:11:56 +0000 2018,FT,USA
Sat Oct 06 03:31:52 +0000 2018,FT,USA
Sat Oct 06 03:27:53 +0000 2018,FT,USA
Sat Oct 06 01:35:09 +0000 2018,FT,USA
Sat Oct 06 00:12:58 +0000 2018,FT,USA
Fri Oct 05 23:30:30 +0000 2018,FT,UK
Fri Oct 05 22:56:22 +0000 2018,FT,Netherlands
Fri Oct 05 22:52:16 +0000 2018,FT,UK
Fri Oct 05 22:47:44 +0000 2018,FT,UK
Fri Oct 05 22:43:41 +0000 2018,FT,Australia
Fri Oct 05 22:38:51 +0000 2018,FT,Other/Middle East
Fri Oct 05 22:35:48 +0000 2018,FT,Other/Central America
Fri Oct 05 22:33:42 +0000 2018,FT,Australia
Fri Oct 05 22:33:31 +0000 2018,FT,UK
Fri Oct 05 22:33:08 +0000 2018,FT,USA
Fri Oct 05 22:29:59 +0000 2018,FT,Africa
Fri Oct 05 22:29:47 +0000 2018,FT,France
Fri Oct 05 22:29:43 +0000 2018,FT,USA
Fri Oct 05 22:29:31 +0000 2018,FT,UK
Fri Oct 05 22:29:08 +0000 2018,FT,Other/Middle East
Fri Oct 05 22:28:11 +0000 2018,FT,USA
Fri Oct 12 16:35:39 +0000 2018,guardian,UK
Tue Oct 09 08:22:41 +0000 2018,guardian,Germany
Sun Oct 07 18:32:00 +0000 2018,guardian,Greece
Sun Oct 07 16:30:25 +0000 2018,guardian,UK
Sun Oct 07 15:38:08 +0000 2018,guardian,Other/Europe
Sun Oct 07 14:58:04 +0000 2018,guardian,Other/Oceania
Sun Oct 07 14:29:20 +0000 2018,guardian,USA
Sun Oct 07 14:14:45 +0000 2018,guardian,Ireland
Sun Oct 07 11:59:20 +0000 2018,guardian,Netherlands
Sun Oct 07 11:51:04 +0000 2018,guardian,Africa
Sun Oct 07 08:40:19 +0000 2018,guardian,USA
Sun Oct 07 06:14:20 +0000 2018,guardian,UK
Sun Oct 07 05:39:57 +0000 2018,guardian,India
Sun Oct 07 03:34:59 +0000 2018,guardian,USA
Sun Oct 07 02:40:07 +0000 2018,guardian,USA
Sun Oct 07 02:27:45 +0000 2018,guardian,USA
Sun Oct 07 02:05:29 +0000 2018,guardian,UK
Sun Oct 07 00:51:17 +0000 2018,guardian,USA
Sun Oct 07 00:48:53 +0000 2018,guardian,UAE
Sun Oct 07 00:13:40 +0000 2018,guardian,USA
Sat Oct 06 23:05:18 +0000 2018,guardian,UK
Sat Oct 06 22:49:49 +0000 2018,guardian,Other/Europe
Sat Oct 06 22:32:42 +0000 2018,guardian,UK
Sat Oct 06 21:01:32 +0000 2018,guardian,USA
Sat Oct 06 20:55:47 +0000 2018,guardian,UK
Sat Oct 06 20:51:41 +0000 2018,guardian,UK
Sat Oct 06 20:51:12 +0000 2018,guardian,UK
Sat Oct 06 19:18:47 +0000 2018,guardian,UK
Sat Oct 06 18:51:43 +0000 2018,guardian,USA
Sat Oct 06 18:27:05 +0000 2018,guardian,Germany
Sat Oct 06 18:15:21 +0000 2018,guardian,Canada
Sat Oct 06 18:06:23 +0000 2018,guardian,UK
Sat Oct 06 17:51:14 +0000 2018,guardian,Ireland
Sat Oct 06 17:28:54 +0000 2018,guardian,USA
Sat Oct 06 17:05:37 +0000 2018,guardian,USA
Sat Oct 06 17:00:42 +0000 2018,guardian,UK
Sat Oct 06 16:45:31 +0000 2018,guardian,USA
Sat Oct 06 16:42:23 +0000 2018,guardian,UK
Sat Oct 06 16:41:16 +0000 2018,guardian,UK
Sat Oct 06 16:37:49 +0000 2018,guardian,USA
Sat Oct 06 16:29:37 +0000 2018,guardian,Canada
Sat Oct 06 15:53:14 +0000 2018,guardian,USA
Sat Oct 06 15:29:34 +0000 2018,guardian,USA
Sat Oct 06 15:27:32 +0000 2018,guardian,Malaysia
Sat Oct 06 15:25:03 +0000 2018,guardian,Germany
Sat Oct 06 14:56:47 +0000 2018,guardian,UK
Sat Oct 06 14:48:53 +0000 2018,guardian,Spain
Sat Oct 06 14:46:43 +0000 2018,guardian,USA
Sat Oct 06 14:22:18 +0000 2018,guardian,Canada
Sat Oct 06 14:21:21 +0000 2018,guardian,Scotland
Sat Oct 06 14:17:46 +0000 2018,guardian,Italy
Sat Oct 06 14:14:29 +0000 2018,guardian,UK
Sat Oct 06 14:13:07 +0000 2018,guardian,UK
Sat Oct 06 14:04:12 +0000 2018,guardian,UK
Fri Oct 12 17:55:27 +0000 2018,itvnews,USA
Wed Oct 10 20:37:46 +0000 2018,itvnews,UK
Tue Oct 09 10:30:58 +0000 2018,itvnews,Scotland
Tue Oct 09 08:55:28 +0000 2018,itvnews,Other/Middle East
Tue Oct 09 07:08:49 +0000 2018,itvnews,UK
Mon Oct 08 22:35:01 +0000 2018,itvnews,Other/Europe
Mon Oct 08 17:57:51 +0000 2018,itvnews,UK
Mon Oct 08 07:23:06 +0000 2018,itvnews,Scotland
Mon Oct 08 06:45:13 +0000 2018,itvnews,UK
Sun Oct 07 22:36:22 +0000 2018,itvnews,Canada
Sun Oct 07 19:58:23 +0000 2018,itvnews,UK
Sun Oct 07 18:07:02 +0000 2018,itvnews,USA
Sun Oct 07 17:26:38 +0000 2018,itvnews,Canada
Sun Oct 07 17:23:40 +0000 2018,itvnews,UK
Sun Oct 07 17:15:32 +0000 2018,itvnews,UK
Sun Oct 07 16:14:13 +0000 2018,itvnews,Canada
Sun Oct 07 15:27:16 +0000 2018,itvnews,UK
Sun Oct 07 15:15:00 +0000 2018,itvnews,Ireland
Sun Oct 07 14:00:57 +0000 2018,itvnews,Scotland
Sun Oct 07 13:39:01 +0000 2018,itvnews,UK
Sun Oct 07 13:27:10 +0000 2018,itvnews,UK
Sun Oct 07 13:20:01 +0000 2018,itvnews,UK
Sun Oct 07 12:37:27 +0000 2018,itvnews,UK
Sun Oct 07 11:19:57 +0000 2018,itvnews,UK
Sun Oct 07 10:47:16 +0000 2018,itvnews,UK
Sun Oct 07 10:45:16 +0000 2018,itvnews,UK
Sun Oct 07 10:41:40 +0000 2018,itvnews,UK
Sun Oct 07 10:29:37 +0000 2018,itvnews,Africa
Sun Oct 07 09:58:31 +0000 2018,itvnews,UK
Sun Oct 07 09:29:58 +0000 2018,itvnews,UK
Sun Oct 07 09:28:04 +0000 2018,itvnews,Other/Middle East
Sun Oct 07 09:24:39 +0000 2018,itvnews,UK
Sun Oct 07 09:21:07 +0000 2018,itvnews,UK
Sun Oct 07 09:18:39 +0000 2018,itvnews,UK
Sun Oct 07 09:13:13 +0000 2018,itvnews,UK
Sun Oct 07 09:11:04 +0000 2018,itvnews,UK
Sun Oct 07 08:59:33 +0000 2018,itvnews,France
Sun Oct 07 08:14:30 +0000 2018,itvnews,UK
Sun Oct 07 07:53:01 +0000 2018,itvnews,UK
Sun Oct 07 07:42:40 +0000 2018,itvnews,UK
Sun Oct 07 07:36:41 +0000 2018,itvnews,USA
Sun Oct 07 07:36:41 +0000 2018,itvnews,UK
Sun Oct 07 06:53:26 +0000 2018,itvnews,UK
Fri Oct 12 06:54:29 +0000 2018,nowthisnews,Pakistan
Fri Oct 12 06:53:18 +0000 2018,nowthisnews,Africa
Wed Oct 10 13:38:33 +0000 2018,nowthisnews,France
Wed Oct 10 10:23:33 +0000 2018,nowthisnews,France
Tue Oct 09 22:54:13 +0000 2018,nowthisnews,India
Tue Oct 09 06:19:32 +0000 2018,nowthisnews,Australia
Mon Oct 08 20:09:02 +0000 2018,nowthisnews,Other/S. America
Mon Oct 08 12:20:57 +0000 2018,nowthisnews,USA
Mon Oct 08 07:49:12 +0000 2018,nowthisnews,USA
Mon Oct 08 02:12:16 +0000 2018,nowthisnews,USA
Mon Oct 08 00:00:25 +0000 2018,nowthisnews,USA
Sun Oct 07 21:29:52 +0000 2018,nowthisnews,Japan
Sun Oct 07 19:42:39 +0000 2018,nowthisnews,USA
Sun Oct 07 19:39:37 +0000 2018,nowthisnews,Belgium
Sun Oct 07 17:21:34 +0000 2018,nowthisnews,USA
Sun Oct 07 17:02:21 +0000 2018,nowthisnews,USA
Sun Oct 07 16:53:36 +0000 2018,nowthisnews,USA
Sun Oct 07 16:41:02 +0000 2018,nowthisnews,Africa
Sun Oct 07 16:07:58 +0000 2018,nowthisnews,USA
Sun Oct 07 15:34:37 +0000 2018,nowthisnews,USA
Sun Oct 07 14:44:12 +0000 2018,nowthisnews,USA
Sun Oct 07 14:43:01 +0000 2018,nowthisnews,UK
Sun Oct 07 13:49:19 +0000 2018,nowthisnews,Mexico
Sun Oct 07 13:38:40 +0000 2018,nowthisnews,USA
Sun Oct 07 13:35:29 +0000 2018,nowthisnews,USA
Sun Oct 07 13:08:59 +0000 2018,nowthisnews,USA
Sun Oct 07 12:51:12 +0000 2018,nowthisnews,Malaysia
Sun Oct 07 12:17:10 +0000 2018,nowthisnews,USA
Sun Oct 07 11:51:00 +0000 2018,nowthisnews,USA
Sun Oct 07 11:50:32 +0000 2018,nowthisnews,USA
Sun Oct 07 11:26:08 +0000 2018,nowthisnews,Africa
Sun Oct 07 10:46:27 +0000 2018,nowthisnews,Japan
Sun Oct 07 10:08:34 +0000 2018,nowthisnews,Hong Kong
Sun Oct 07 09:35:07 +0000 2018,nowthisnews,USA
Sun Oct 07 09:30:05 +0000 2018,nowthisnews,Other/E. Europe
Sun Oct 07 08:42:49 +0000 2018,nowthisnews,UAE
Sun Oct 07 07:53:09 +0000 2018,nowthisnews,Africa
Sun Oct 07 07:33:39 +0000 2018,nowthisnews,Netherlands
Sun Oct 07 07:17:09 +0000 2018,nowthisnews,Other/Asia
Sun Oct 07 06:44:09 +0000 2018,nowthisnews,Other/Europe
Sun Oct 07 06:40:05 +0000 2018,nowthisnews,USA
Sun Oct 07 06:32:28 +0000 2018,nowthisnews,UK
Sun Oct 07 05:52:09 +0000 2018,nowthisnews,Australia
Sun Oct 07 05:33:54 +0000 2018,nowthisnews,USA
Sun Oct 07 05:26:17 +0000 2018,nowthisnews,Canada
Sun Oct 07 05:21:10 +0000 2018,nowthisnews,USA
Wed Oct 10 22:49:30 +0000 2018,nytimes,Canada
Wed Oct 10 22:47:57 +0000 2018,nytimes,USA
Tue Oct 09 22:12:23 +0000 2018,nytimes,USA
Tue Oct 09 19:21:53 +0000 2018,nytimes,UK
Tue Oct 09 16:15:04 +0000 2018,nytimes,Japan
Tue Oct 09 14:07:22 +0000 2018,nytimes,USA
Tue Oct 09 05:05:30 +0000 2018,nytimes,USA
Mon Oct 08 19:08:03 +0000 2018,nytimes,USA
Mon Oct 08 17:14:45 +0000 2018,nytimes,USA
Mon Oct 08 15:44:31 +0000 2018,nytimes,USA
Mon Oct 08 05:16:38 +0000 2018,nytimes,New Zealand
Mon Oct 08 03:31:01 +0000 2018,nytimes,Argentina
Mon Oct 08 00:56:57 +0000 2018,nytimes,USA
Sun Oct 07 23:56:53 +0000 2018,nytimes,USA
Sun Oct 07 20:11:22 +0000 2018,nytimes,USA
Sun Oct 07 20:00:25 +0000 2018,nytimes,New Zealand
Sun Oct 07 19:14:08 +0000 2018,nytimes,USA
Sun Oct 07 18:57:18 +0000 2018,nytimes,Australia
Sun Oct 07 18:12:06 +0000 2018,nytimes,USA
Sun Oct 07 18:00:50 +0000 2018,nytimes,USA
Sun Oct 07 17:44:58 +0000 2018,nytimes,Other/S. America
Sun Oct 07 17:21:20 +0000 2018,nytimes,USA
Sun Oct 07 16:57:23 +0000 2018,nytimes,Canada
Sun Oct 07 16:05:58 +0000 2018,nytimes,Canada
Sun Oct 07 15:31:52 +0000 2018,nytimes,Canada
Sun Oct 07 14:42:13 +0000 2018,nytimes,USA
Sun Oct 07 14:41:18 +0000 2018,nytimes,Other/S. America
Sun Oct 07 14:41:00 +0000 2018,nytimes,USA
Sun Oct 07 14:40:45 +0000 2018,nytimes,Malaysia
Sun Oct 07 14:18:10 +0000 2018,nytimes,USA
Sun Oct 07 13:39:22 +0000 2018,nytimes,USA
Sun Oct 07 13:20:29 +0000 2018,nytimes,Mexico
Sun Oct 07 12:39:29 +0000 2018,nytimes,Japan
Sun Oct 07 10:38:19 +0000 2018,nytimes,UK
Sun Oct 07 10:06:04 +0000 2018,nytimes,Africa
Sun Oct 07 09:39:05 +0000 2018,nytimes,UK
Sun Oct 07 09:27:08 +0000 2018,nytimes,Other/Europe
Sun Oct 07 08:00:23 +0000 2018,nytimes,Spain
Sun Oct 07 07:58:37 +0000 2018,nytimes,USA
Sun Oct 07 07:30:07 +0000 2018,nytimes,Africa
Sun Oct 07 06:51:36 +0000 2018,nytimes,USA
Sun Oct 07 06:49:52 +0000 2018,nytimes,Netherlands
Sun Oct 07 05:59:33 +0000 2018,nytimes,Japan
Sun Oct 07 05:52:33 +0000 2018,nytimes,Africa
Sun Oct 07 05:37:32 +0000 2018,nytimes,Mexico
Sun Oct 07 05:34:13 +0000 2018,nytimes,Other/S. America
Sun Oct 07 05:30:24 +0000 2018,nytimes,USA
Sun Oct 07 22:46:42 +0000 2018,Reuters,Other/S. America
Sun Oct 07 13:46:10 +0000 2018,Reuters,Hong Kong
Sun Oct 07 09:27:49 +0000 2018,Reuters,USA
Sun Oct 07 08:18:34 +0000 2018,Reuters,France
Sun Oct 07 07:55:15 +0000 2018,Reuters,Japan
Sun Oct 07 07:45:56 +0000 2018,Reuters,Japan
Sun Oct 07 06:12:19 +0000 2018,Reuters,Africa
Sun Oct 07 04:49:29 +0000 2018,Reuters,USA
Sun Oct 07 04:29:45 +0000 2018,Reuters,Africa
Sun Oct 07 04:06:15 +0000 2018,Reuters,Japan
Sun Oct 07 03:36:01 +0000 2018,Reuters,India
Sun Oct 07 02:50:20 +0000 2018,Reuters,USA
Sun Oct 07 02:47:55 +0000 2018,Reuters,Africa
Sun Oct 07 02:45:38 +0000 2018,Reuters,USA
Sun Oct 07 02:43:09 +0000 2018,Reuters,USA
Sun Oct 07 02:35:07 +0000 2018,Reuters,USA
Sun Oct 07 02:23:03 +0000 2018,Reuters,USA
Sun Oct 07 01:59:25 +0000 2018,Reuters,New Zealand
Sun Oct 07 01:36:29 +0000 2018,Reuters,USA
Sun Oct 07 01:24:54 +0000 2018,Reuters,Malaysia
Sun Oct 07 01:23:11 +0000 2018,Reuters,Other/S. America
Sun Oct 07 01:04:43 +0000 2018,Reuters,USA
Sun Oct 07 01:04:20 +0000 2018,Reuters,Canada
Sun Oct 07 00:58:49 +0000 2018,Reuters,Africa
Sun Oct 07 00:56:39 +0000 2018,Reuters,USA
Sun Oct 07 00:50:43 +0000 2018,Reuters,Other/Asia
Sun Oct 07 00:47:17 +0000 2018,Reuters,Mexico
Sun Oct 07 00:45:00 +0000 2018,Reuters,Africa
Sun Oct 07 00:41:16 +0000 2018,Reuters,Australia
Sun Oct 07 00:36:24 +0000 2018,Reuters,Africa
Sun Oct 07 00:35:56 +0000 2018,Reuters,Australia
Sun Oct 07 00:35:32 +0000 2018,Reuters,Australia
Sun Oct 07 00:34:20 +0000 2018,Reuters,Japan
Sun Oct 07 00:32:00 +0000 2018,Reuters,Colombia
Sun Oct 07 00:31:57 +0000 2018,Reuters,Japan
Sun Oct 07 00:30:20 +0000 2018,Reuters,USA
Sun Oct 07 00:30:10 +0000 2018,Reuters,USA
Sun Oct 07 00:22:08 +0000 2018,Reuters,Other/Europe
Sun Oct 07 00:19:30 +0000 2018,Reuters,Canada
Sun Oct 07 00:15:00 +0000 2018,Reuters,New Zealand
Sun Oct 07 00:13:26 +0000 2018,Reuters,Africa
Sun Oct 07 00:07:12 +0000 2018,Reuters,USA
Sun Oct 07 00:02:01 +0000 2018,Reuters,USA
Sun Oct 07 00:01:32 +0000 2018,Reuters,USA
Sun Oct 07 00:00:39 +0000 2018,Reuters,USA
Sun Oct 07 00:00:22 +0000 2018,Reuters,Germany
Sat Oct 06 23:58:16 +0000 2018,Reuters,Other/Central America
Sat Oct 06 23:57:24 +0000 2018,Reuters,USA
Sat Oct 06 23:55:53 +0000 2018,Reuters,Brazil
Sat Oct 06 23:55:29 +0000 2018,Reuters,USA
Mon Oct 08 00:43:32 +0000 2018,TechCrunch,Australia
Sun Oct 07 14:36:39 +0000 2018,TechCrunch,UK
Sun Oct 07 13:44:49 +0000 2018,TechCrunch,USA
Sun Oct 07 12:28:22 +0000 2018,TechCrunch,Other/Middle East
Sun Oct 07 11:44:18 +0000 2018,TechCrunch,UK
Sun Oct 07 10:04:06 +0000 2018,TechCrunch,Germany
Sun Oct 07 09:40:56 +0000 2018,TechCrunch,UK
Sun Oct 07 08:53:41 +0000 2018,TechCrunch,USA
Sun Oct 07 08:00:12 +0000 2018,TechCrunch,UK
Sun Oct 07 07:03:48 +0000 2018,TechCrunch,USA
Sun Oct 07 05:49:07 +0000 2018,TechCrunch,Japan
Sun Oct 07 02:27:37 +0000 2018,TechCrunch,Canada
Sun Oct 07 02:05:16 +0000 2018,TechCrunch,USA
Sun Oct 07 02:00:43 +0000 2018,TechCrunch,Other/Central America
Sun Oct 07 01:56:22 +0000 2018,TechCrunch,India
Sun Oct 07 01:10:13 +0000 2018,TechCrunch,USA
Sun Oct 07 01:06:21 +0000 2018,TechCrunch,India
Sun Oct 07 01:02:11 +0000 2018,TechCrunch,USA
Sun Oct 07 00:08:51 +0000 2018,TechCrunch,USA
Sat Oct 06 23:52:21 +0000 2018,TechCrunch,Malaysia
Sat Oct 06 23:44:38 +0000 2018,TechCrunch,Other/Europe
Sat Oct 06 23:37:23 +0000 2018,TechCrunch,USA
Sat Oct 06 23:25:58 +0000 2018,TechCrunch,USA
Sat Oct 06 23:12:22 +0000 2018,TechCrunch,USA
Sat Oct 06 22:54:14 +0000 2018,TechCrunch,USA
Sat Oct 06 22:45:32 +0000 2018,TechCrunch,USA
Sat Oct 06 22:37:18 +0000 2018,TechCrunch,USA
Sat Oct 06 22:34:14 +0000 2018,TechCrunch,Australia
Sat Oct 06 22:12:25 +0000 2018,TechCrunch,UK
Sat Oct 06 21:59:33 +0000 2018,TechCrunch,USA
Sat Oct 06 21:43:14 +0000 2018,TechCrunch,USA
Sat Oct 06 21:40:42 +0000 2018,TechCrunch,UK
Sat Oct 06 21:40:33 +0000 2018,TechCrunch,USA
Sat Oct 06 21:39:58 +0000 2018,TechCrunch,Italy
Sat Oct 06 21:38:00 +0000 2018,TechCrunch,USA
Sat Oct 06 21:36:28 +0000 2018,TechCrunch,UK
Sat Oct 06 21:36:13 +0000 2018,TechCrunch,USA
Sat Oct 06 21:33:09 +0000 2018,TechCrunch,USA
Sat Oct 06 21:32:53 +0000 2018,TechCrunch,USA
Sat Oct 06 21:30:23 +0000 2018,TechCrunch,USA
Sat Oct 06 21:28:23 +0000 2018,TechCrunch,USA
Sat Oct 06 21:23:09 +0000 2018,TechCrunch,Indonesia
Sat Oct 06 21:16:41 +0000 2018,TechCrunch,USA
Sat Oct 06 21:14:40 +0000 2018,TechCrunch,USA
Sat Oct 06 21:13:34 +0000 2018,TechCrunch,USA
Sat Oct 06 21:12:12 +0000 2018,TechCrunch,USA
Sat Oct 06 21:10:22 +0000 2018,TechCrunch,USA
Sat Oct 06 21:05:06 +0000 2018,TechCrunch,USA
Sat Oct 13 00:43:17 +0000 2018,TwitterMoments,India
Fri Oct 12 14:04:59 +0000 2018,TwitterMoments,USA
Wed Oct 10 19:34:47 +0000 2018,TwitterMoments,USA
Wed Oct 10 13:10:50 +0000 2018,TwitterMoments,UK
Wed Oct 10 10:19:06 +0000 2018,TwitterMoments,UK
Tue Oct 09 06:24:24 +0000 2018,TwitterMoments,France
Mon Oct 08 15:11:50 +0000 2018,TwitterMoments,USA
Mon Oct 08 13:14:33 +0000 2018,TwitterMoments,USA
Mon Oct 08 12:48:50 +0000 2018,TwitterMoments,USA
Mon Oct 08 12:30:53 +0000 2018,TwitterMoments,USA
Mon Oct 08 10:33:11 +0000 2018,TwitterMoments,USA
Mon Oct 08 09:34:26 +0000 2018,TwitterMoments,USA
Mon Oct 08 08:30:59 +0000 2018,TwitterMoments,UK
Mon Oct 08 08:26:30 +0000 2018,TwitterMoments,Canada
Mon Oct 08 07:41:02 +0000 2018,TwitterMoments,USA
Mon Oct 08 06:14:33 +0000 2018,TwitterMoments,USA
Mon Oct 08 05:28:06 +0000 2018,TwitterMoments,USA
Mon Oct 08 05:18:48 +0000 2018,TwitterMoments,USA
Mon Oct 08 01:00:37 +0000 2018,TwitterMoments,USA
Mon Oct 08 00:20:50 +0000 2018,TwitterMoments,USA
Sun Oct 07 22:33:04 +0000 2018,TwitterMoments,Pakistan
Sun Oct 07 21:15:54 +0000 2018,TwitterMoments,USA
Sun Oct 07 20:43:56 +0000 2018,TwitterMoments,USA
Sun Oct 07 20:38:23 +0000 2018,TwitterMoments,Pakistan
Sun Oct 07 19:14:33 +0000 2018,TwitterMoments,USA
Sun Oct 07 18:41:37 +0000 2018,TwitterMoments,USA
Sun Oct 07 18:10:05 +0000 2018,TwitterMoments,USA
Sun Oct 07 17:21:25 +0000 2018,TwitterMoments,UK
Sun Oct 07 16:53:22 +0000 2018,TwitterMoments,USA
Sun Oct 07 16:15:43 +0000 2018,TwitterMoments,USA
Sun Oct 07 15:52:23 +0000 2018,TwitterMoments,USA
Sun Oct 07 15:36:14 +0000 2018,TwitterMoments,USA
Sun Oct 07 15:02:41 +0000 2018,TwitterMoments,USA
Sun Oct 07 14:57:26 +0000 2018,TwitterMoments,USA
Sun Oct 07 14:34:44 +0000 2018,TwitterMoments,USA
Sun Oct 07 14:33:39 +0000 2018,TwitterMoments,UK
Sun Oct 07 14:23:14 +0000 2018,TwitterMoments,USA
Sun Oct 07 13:52:42 +0000 2018,TwitterMoments,USA
Sun Oct 07 13:48:02 +0000 2018,TwitterMoments,USA
Sun Oct 07 13:22:00 +0000 2018,TwitterMoments,USA
Sun Oct 07 13:11:21 +0000 2018,TwitterMoments,Other/Asia
Sun Oct 07 13:03:50 +0000 2018,TwitterMoments,USA
Wed Oct 10 20:07:21 +0000 2018,VICE,India
Sun Oct 07 18:51:30 +0000 2018,VICE,Other/E. Europe
Sat Oct 06 18:00:32 +0000 2018,VICE,Africa
Sat Oct 06 17:50:31 +0000 2018,VICE,India
Sat Oct 06 16:29:28 +0000 2018,VICE,USA
Sat Oct 06 16:28:35 +0000 2018,VICE,UK
Sat Oct 06 16:20:52 +0000 2018,VICE,France
Sat Oct 06 15:35:28 +0000 2018,VICE,UK
Sat Oct 06 15:34:54 +0000 2018,VICE,Other/Asia
Sat Oct 06 15:13:04 +0000 2018,VICE,USA
Sat Oct 06 14:22:47 +0000 2018,VICE,Mexico
Sat Oct 06 13:51:41 +0000 2018,VICE,Africa
Sat Oct 06 12:29:45 +0000 2018,VICE,Malaysia
Sat Oct 06 12:11:04 +0000 2018,VICE,UK
Sat Oct 06 11:54:31 +0000 2018,VICE,Belgium
Sat Oct 06 11:53:37 +0000 2018,VICE,USA
Sat Oct 06 11:09:23 +0000 2018,VICE,UK
Sat Oct 06 11:00:09 +0000 2018,VICE,Netherlands
Sat Oct 06 10:18:48 +0000 2018,VICE,UK
Sat Oct 06 10:16:56 +0000 2018,VICE,UK
Sat Oct 06 09:28:08 +0000 2018,VICE,UK
Sat Oct 06 09:14:13 +0000 2018,VICE,UK
Sat Oct 06 09:11:18 +0000 2018,VICE,Spain
Sat Oct 06 09:03:31 +0000 2018,VICE,USA
Sat Oct 06 08:46:53 +0000 2018,VICE,New Zealand
Sat Oct 06 08:46:06 +0000 2018,VICE,Brazil
Sat Oct 06 08:38:23 +0000 2018,VICE,USA
Sat Oct 06 08:25:04 +0000 2018,VICE,UK
Sat Oct 06 08:16:54 +0000 2018,VICE,Other/Middle East
Sat Oct 06 08:02:00 +0000 2018,VICE,USA
Sat Oct 06 07:56:00 +0000 2018,VICE,UK
Sat Oct 06 07:52:12 +0000 2018,VICE,UK
Sat Oct 06 07:45:32 +0000 2018,VICE,UK
Sat Oct 06 07:41:32 +0000 2018,VICE,USA
Sat Oct 06 07:35:36 +0000 2018,VICE,Indonesia
Sat Oct 06 07:28:14 +0000 2018,VICE,Hong Kong
Sat Oct 06 07:26:24 +0000 2018,VICE,India
Sat Oct 06 07:13:56 +0000 2018,VICE,USA
Sat Oct 06 07:08:20 +0000 2018,VICE,UK
Sat Oct 06 07:07:46 +0000 2018,VICE,Spain
Sat Oct 06 06:59:16 +0000 2018,VICE,Ireland
Sat Oct 06 06:23:11 +0000 2018,VICE,Spain
Sat Oct 06 06:22:00 +0000 2018,VICE,Japan
Sat Oct 06 05:57:25 +0000 2018,VICE,USA
Sat Oct 06 05:31:00 +0000 2018,VICE,USA
Sat Oct 06 04:55:18 +0000 2018,VICE,Indonesia
Sat Oct 06 04:47:26 +0000 2018,VICE,India
Tue Oct 09 22:18:00 +0000 2018,WSJ,Canada
Tue Oct 09 08:43:03 +0000 2018,WSJ,India
Tue Oct 09 05:18:02 +0000 2018,WSJ,France
Sun Oct 07 05:41:15 +0000 2018,WSJ,USA
Sun Oct 07 02:11:06 +0000 2018,WSJ,France
Sat Oct 06 23:48:09 +0000 2018,WSJ,USA
Sat Oct 06 22:40:01 +0000 2018,WSJ,USA
Sat Oct 06 21:34:56 +0000 2018,WSJ,USA
Sat Oct 06 20:55:54 +0000 2018,WSJ,USA
Sat Oct 06 20:50:49 +0000 2018,WSJ,USA
Sat Oct 06 19:32:45 +0000 2018,WSJ,India
Sat Oct 06 19:32:11 +0000 2018,WSJ,USA
Sat Oct 06 19:29:54 +0000 2018,WSJ,Other/S. America
Sat Oct 06 19:23:47 +0000 2018,WSJ,USA
Sat Oct 06 19:01:55 +0000 2018,WSJ,USA
Sat Oct 06 19:01:10 +0000 2018,WSJ,USA
Sat Oct 06 18:05:58 +0000 2018,WSJ,USA
Sat Oct 06 18:03:10 +0000 2018,WSJ,India
Sat Oct 06 18:03:06 +0000 2018,WSJ,USA
Sat Oct 06 17:58:56 +0000 2018,WSJ,USA
Sat Oct 06 17:46:47 +0000 2018,WSJ,USA
Sat Oct 06 17:45:12 +0000 2018,WSJ,USA
Sat Oct 06 17:44:04 +0000 2018,WSJ,USA
Sat Oct 06 17:44:01 +0000 2018,WSJ,USA
Sat Oct 06 17:40:30 +0000 2018,WSJ,USA
Sat Oct 06 17:38:38 +0000 2018,WSJ,USA
Sat Oct 06 17:36:27 +0000 2018,WSJ,USA
Sat Oct 06 17:31:39 +0000 2018,WSJ,USA
Sat Oct 06 17:30:16 +0000 2018,WSJ,Indonesia
Sat Oct 06 17:29:47 +0000 2018,WSJ,USA
Sat Oct 06 17:29:00 +0000 2018,WSJ,USA
Sat Oct 06 17:26:52 +0000 2018,WSJ,Other/Europe
Sat Oct 06 17:19:41 +0000 2018,WSJ,Other/E. Europe
Sat Oct 06 17:15:25 +0000 2018,WSJ,USA
Sat Oct 06 17:08:31 +0000 2018,WSJ,USA
Sat Oct 06 16:58:05 +0000 2018,WSJ,USA
Sat Oct 06 16:51:41 +0000 2018,WSJ,Other/Asia
Sat Oct 06 16:50:34 +0000 2018,WSJ,USA
Sat Oct 06 16:49:55 +0000 2018,WSJ,Malaysia
Sat Oct 06 16:46:48 +0000 2018,WSJ,Pakistan
Sat Oct 06 16:42:35 +0000 2018,WSJ,Africa
Sat Oct 06 16:31:02 +0000 2018,WSJ,USA
Sat Oct 06 16:29:42 +0000 2018,WSJ,USA
Sat Oct 06 16:25:30 +0000 2018,WSJ,Germany
Sat Oct 06 16:21:10 +0000 2018,WSJ,Canada
Sat Oct 06 16:17:14 +0000 2018,WSJ,USA
Sat Oct 06 16:14:51 +0000 2018,WSJ,France
Sat Oct 06 16:07:29 +0000 2018,WSJ,USA
Sat Oct 06 16:05:55 +0000 2018,WSJ,USA
Sat Oct 06 16:04:01 +0000 2018,WSJ,India
Sat Oct 06 16:01:49 +0000 2018,WSJ,USA
Sat Oct 06 16:01:27 +0000 2018,WSJ,USA
Sat Oct 06 16:01:25 +0000 2018,WSJ,Africa
